Name,Business_Type__c,Country__c,Shipping_Mode__c,Warehouse_Count__c,Primary_Contact__c
Johnson Exports,Both,India,Sea,3,info@johnsonexports.com
Global Spice Traders,Importer,Indonesia,Sea,2,contact@spicetraders.com
Sahara Textiles,Exporter,UAE,Air,1,hello@saharatextiles.ae
Himalayan Crafts,Both,Nepal,Road,1,support@himalayancrafts.np
EuroAsia Imports,Importer,Germany,Road,4,sales@euroasiaimports.de
Pacific Agro,Both,Australia,Sea,5,contact@pacificagro.au
Maple Handicrafts,Exporter,Canada,Air,2,info@maplehandicrafts.ca
Silk Route Ltd,Importer,China,Road,3,admin@silkroute.cn
Andes Electronics,Exporter,Chile,Air,2,support@andeselec.cl
Eastern Treasures,Both,Singapore,Sea,4,contact@easterntreasures.sg
