Full_Name__c,Role_in_Business__c,Email,AccountId,WhatsApp_Number__c,Language_Preference__c
Priya Sharma,Operations Manager,priya@johnsonexports.com,001gL00000E96J3QAJ,+91-9876543210,English
Rahul Verma,Logistics Head,rahul@spicetraders.com,001gL00000E96J4QAJ,+62-8123456789,Indonesian
Aisha Al Farsi,Export Lead,aisha@saharatextiles.ae,001gL00000E97AHQAZ,+971-504567890,Arabic
Tenzing Lama,Procurement Officer,tenzing@himalayancrafts.np,001gL00000E96J5QAJ,+977-9801234567,Nepali
Hans Mueller,Import Analyst,hans@euroasiaimports.de,001gL00000E96J6QAJ,+49-15123456789,German
Olivia White,Supply Chain Manager,olivia@pacificagro.au,001gL00000E96J7QAJ,+61-412345678,English
Jean Tremblay,Exports Manager,jean@maplehandicrafts.ca,001gL00000E96J8QAJ,+1-5141234567,French
Wei Zhang,Procurement Director,wei@silkroute.cn,001gL00000E96J9QAJ,+86-13912345678,Chinese
Carlos Rivera,Logistics Coordinator,carlos@andeselec.cl,001gL00000E96JAQAZ,+56-912345678,Spanish
Liang Wu,Freight Manager,liang@silkroute.cn,001gL00000E96J9QAJ,+86-13987654321,Chinese
Fatima Noor,Trade Analyst,fatima@easterntreasures.sg,001gL00000E96JBQAZ,+65-81234567,English
Emily Brown,Market Research,emily@pacificagro.au,001gL00000E96J7QAJ,+61-498765432,English
Ahmed Khan,International Sales,ahmed@johnsonexports.com,001gL00000E96J3QAJ,+91-9988776655,Hindi
