Name,Product_Interest__c,Estimated_Volume__c,Source_Country__c,Timeline__c,Lead_Rating__c
Arun Patel,Spices,20,India,less than 1 month,Hot
Emily Chen,Electronics,50,China,1-3 months,Warm
Carlos Mendez,Textiles,10,Mexico,3-6 months,Cold
Sara Ibrahim,Handicrafts,5,UAE,6-12 months,Warm
Anwar Al Said,Spices,15,Oman,1-3 months,Hot
Lisa Wong,Electronics,30,Singapore,3-6 months,Cold
Mohammed Yusuf,Textiles,8,Pakistan,more than 1 year,Cold
Sophia Lee,Handicrafts,12,South Korea,1-3 months,Warm
John Smith,Electronics,25,USA,less than 1 month,Hot
Mei Ling,Spices,18,Vietnam,3-6 months,Warm
