Name,StageName,CloseDate,Shipment_Type__c,Estimated_Shipment__c,Container_Count__c,Deal_Currency__c,Freight_Agent__c,Deal_Amount__c,AccountId
Spice Deal - India,Prospecting,2025-08-15,Full Container Load (FCL),2025-08-25,3,USD,TransWorld Logistics,25000,001gL00000E96J4QAJ
Electronics Bulk Order,Qualification,2025-09-10,Break Bulk,2025-09-20,5,EUR,SpeedFreight,40000,001gL00000E96JAQAZ
Handicraft Shipment - Nepal,Needs Analysis,2025-08-20,Less than Container Load (LCL),2025-08-30,2,INR,MountWay Cargo,12000,001gL00000E96J5QAJ
Textile Export Deal,Proposal/Price Quote,2025-09-05,Full Container Load (FCL),2025-09-15,4,AED,Gulf Movers,35000,001gL00000E97AHQAZ
Agro Supply Chain,Negotiation/Review,2025-09-25,Full Container Load (FCL),2025-10-01,6,USD,AgriShip,48000,001gL00000E96J7QAJ
Maple Expansion Deal,Closed Won,2025-08-10,Courier/Parcel,2025-08-20,1,CAD,NorthHaul,8000,001gL00000E96J8QAJ
Silk Import Route,Closed Lost,2025-07-30,Less than Container Load (LCL),2025-08-05,3,CNY,Dragon Freight,18000,001gL00000E96J9QAJ
Andes Electronics Order,Prospecting,2025-08-18,Break Bulk,2025-08-28,4,USD,SouthLine Freight,29000,001gL00000E96JAQAZ
Singapore Gift Supply,Qualification,2025-08-22,Full Container Load (FCL),2025-09-01,2,SGD,AsiaLogix,15000,001gL00000E96JBQAZ
Johnson Expansion Deal,Proposal/Price Quote,2025-09-01,Full Container Load (FCL),2025-09-10,7,USD,OceanEdge,60000,001gL00000E96J3QAJ
